内部排位,成员,圈数,"左下格(x,y)","右下格(x,y)","左上格(x,y)","右上格(x,y)",截图原排名,战力,原分组,完整覆盖旗子,距熊坑中心
1,刀锋战士,1,"(473, 652)","(474, 652)","(473, 653)","(474, 653)",1,11000,sss,F06,2.5495
2,光风霁月,1,"(476, 650)","(477, 650)","(476, 651)","(477, 651)",2,7000,FJG,F07,2.5495
3,北月啊,1,"(474, 647)","(475, 647)","(474, 648)","(475, 648)",3,8000,sss,F11,2.5495
4,甜柴不是柴甜,1,"(471, 649)","(472, 649)","(471, 650)","(472, 650)",5,9300,sss,F10,2.5495
5,一岁～帅,1,"(471, 651)","(472, 651)","(471, 652)","(472, 652)",6,,sss,F06,2.9155
6,jennie,1,"(475, 652)","(476, 652)","(475, 653)","(476, 653)",7,6800,VPH,F07,2.9155
7,不会玩,1,"(476, 648)","(477, 648)","(476, 649)","(477, 649)",8,6000,sss,F11,2.9155
8,陈小刀,1,"(472, 647)","(473, 647)","(472, 648)","(473, 648)",10,,sss,F10,2.9155
9,雨夜城堡,2,"(469, 650)","(470, 650)","(469, 651)","(470, 651)",11,5800,VNR,F06,4.5277
10,抖动摩天轮,2,"(474, 654)","(475, 654)","(474, 655)","(475, 655)",13,4900,VPH,F07,4.5277
11,茶猫九月,2,"(478, 649)","(479, 649)","(478, 650)","(479, 650)",14,,sss,F11,4.5277
12,赌神高进,2,"(473, 645)","(474, 645)","(473, 646)","(474, 646)",15,,sss,F10,4.5277
13,红烧排骨,2,"(472, 654)","(473, 654)","(472, 655)","(473, 655)",16,,sss,F06,4.7434
14,哒哒哒一起,2,"(478, 651)","(479, 651)","(478, 652)","(479, 652)",17,,sss,F07,4.7434
15,音格尔,2,"(475, 645)","(476, 645)","(475, 646)","(476, 646)",18,4500,VPH,F11,4.7434
16,滔滔不决吖,2,"(469, 648)","(470, 648)","(469, 649)","(470, 649)",20,3800,OVO,F10,4.7434
17,悍匪唐三葬,2,"(469, 652)","(470, 652)","(469, 653)","(470, 653)",21,,sss,F06,5.1478
18,仙水,2,"(476, 654)","(477, 654)","(476, 655)","(477, 655)",22,4400,FJG,F07,5.1478
19,看看海,2,"(478, 647)","(479, 647)","(478, 648)","(479, 648)",23,4600,VNR,F11,5.1478
20,古 塵,2,"(471, 645)","(472, 645)","(471, 646)","(472, 646)",24,4100,sss,F10,5.1478
21,可以吖,2,"(470, 654)","(471, 654)","(470, 655)","(471, 655)",25,4200,OVO,F06,5.7009
22,安妮也,2,"(478, 653)","(479, 653)","(478, 654)","(479, 654)",26,4000,sss,F07,5.7009
23,曹孟德,2,"(477, 645)","(478, 645)","(477, 646)","(478, 646)",28,4100,VPH,F11,5.7009
24,刘千亿,2,"(469, 646)","(470, 646)","(469, 647)","(470, 647)",29,3700,VPH,F10,5.7009
25,萌动,3,"(467, 650)","(468, 650)","(467, 651)","(468, 651)",30,3700,FJG,F05,6.5192
26,诸葛村夫,3,"(474, 656)","(475, 656)","(474, 657)","(475, 657)",31,3900,VPH,F03,6.5192
27,神隐浪人,3,"(480, 649)","(481, 649)","(480, 650)","(481, 650)",32,,sss,F12,6.5192
28,小刺猬,3,"(473, 643)","(474, 643)","(473, 644)","(474, 644)",34,3400,OVO,F14,6.5192
29,大令吖,3,"(472, 656)","(473, 656)","(472, 657)","(473, 657)",35,3600,OVO,F02,6.6708
30,王麻子,3,"(480, 651)","(481, 651)","(480, 652)","(481, 652)",36,3400,OVO,F08,6.6708
31,路慢漫,3,"(475, 643)","(476, 643)","(475, 644)","(476, 644)",38,3800,sss,F15,6.6708
32,大兔子,3,"(467, 648)","(468, 648)","(467, 649)","(468, 649)",41,4200,KUY,F09,6.6708
33,L大王,3,"(467, 652)","(468, 652)","(467, 653)","(468, 653)",43,3800,OVO,F05,6.9642
34,是壮士吖,3,"(476, 656)","(477, 656)","(476, 657)","(477, 657)",44,3400,OVO,F03,6.9642
35,天下吖,3,"(480, 647)","(481, 647)","(480, 648)","(481, 648)",45,3500,OVO,F12,6.9642
36,Goya,3,"(471, 643)","(472, 643)","(471, 644)","(472, 644)",46,4200,KUY,F14,6.9642
37,快乐小土匪,3,"(470, 656)","(471, 656)","(470, 657)","(471, 657)",48,3200,KUY,F02,7.3824
38,鸡大王,3,"(480, 653)","(481, 653)","(480, 654)","(481, 654)",51,3200,FJG,F08,7.3824
39,一棵大树,3,"(477, 643)","(478, 643)","(477, 644)","(478, 644)",52,3100,FJG,F15,7.3824
40,桃子吖,3,"(467, 646)","(468, 646)","(467, 647)","(468, 647)",53,3300,OVO,F09,7.3824
41,必胜无疑,3,"(467, 654)","(468, 654)","(467, 655)","(468, 655)",,4300,sss,F05,7.9057
42,肉枣酸奶,3,"(478, 656)","(479, 656)","(478, 657)","(479, 657)",,4000,VNR,F03,7.9057
43,瞎闹闹,3,"(480, 645)","(481, 645)","(480, 646)","(481, 646)",,4000,sss,F12,7.9057
44,秋叶,3,"(469, 643)","(470, 643)","(469, 644)","(470, 644)",,3800,VNR,F14,7.9057
45,五十男,3,"(468, 656)","(469, 656)","(468, 657)","(469, 657)",,3800,VPH,F01 / F02,8.5147
46,平平大王,3,"(480, 655)","(481, 655)","(480, 656)","(481, 656)",,3800,sss,F04 / F08,8.5147
47,条野太郎,3,"(479, 643)","(480, 643)","(479, 644)","(480, 644)",,3700,FJG,F15 / F16,8.5147
48,雪梨大王,3,"(467, 644)","(468, 644)","(467, 645)","(468, 645)",,3700,VNR,F09 / F13,8.5147
49,边城小铁匠,4,"(473, 658)","(474, 658)","(473, 659)","(474, 659)",,3700,VNR,F02,8.5147
50,兰博基牛,4,"(482, 650)","(483, 650)","(482, 651)","(483, 651)",,3600,sss,F08,8.5147
51,七月的肖邦,4,"(474, 641)","(475, 641)","(474, 642)","(475, 642)",,3500,VNR,F15,8.5147
52,1111111,4,"(465, 649)","(466, 649)","(465, 650)","(466, 650)",,3500,VPH,F09,8.5147
53,念念吖,4,"(465, 651)","(466, 651)","(465, 652)","(466, 652)",,3500,OVO,F05,8.6313
54,特工冲锋,4,"(475, 658)","(476, 658)","(475, 659)","(476, 659)",,3500,sss,F03,8.6313
55,canfly,4,"(482, 648)","(483, 648)","(482, 649)","(483, 649)",,3500,sss,F12,8.6313
56,烽烟熊大,4,"(472, 641)","(473, 641)","(472, 642)","(473, 642)",,3400,VPH,F14,8.6313
57,悲伤小伍,4,"(465, 654)","(466, 654)","(465, 655)","(466, 655)",,3400,sss,F05,9.6177
58,Fat 猪是只猫,4,"(469, 658)","(470, 658)","(469, 659)","(470, 659)",,3400,sss,F02,9.6177
59,有志则鸣,4,"(478, 658)","(479, 658)","(478, 659)","(479, 659)",,3300,VNR,F03,9.6177
60,呆呆鱼,4,"(482, 654)","(483, 654)","(482, 655)","(483, 655)",,3300,sss,F08,9.6177
61,时 倾,4,"(482, 645)","(483, 645)","(482, 646)","(483, 646)",,3300,sss,F12,9.6177
62,美式咖啡,4,"(478, 641)","(479, 641)","(478, 642)","(479, 642)",,3300,sss,F15,9.6177
63,金圭峰,4,"(469, 641)","(470, 641)","(469, 642)","(470, 642)",,3200,FJG,F14,9.6177
64,真会玩,4,"(465, 645)","(466, 645)","(465, 646)","(466, 646)",,3200,FJG,F09,9.6177
65,落云代桃,5,"(463, 650)","(464, 650)","(463, 651)","(464, 651)",,3200,VNR,F05,10.5119
66,梨梨大王,5,"(474, 660)","(475, 660)","(474, 661)","(475, 661)",,3200,VPH,F03,10.5119
67,啫啫吖,5,"(484, 649)","(485, 649)","(484, 650)","(485, 650)",,3200,OVO,F12,10.5119
68,牛牛呀,5,"(473, 639)","(474, 639)","(473, 640)","(474, 640)",,3200,KUY,F14,10.5119
69,我喜欢挖矿,5,"(472, 660)","(473, 660)","(472, 661)","(473, 661)",,3200,KUY,F02,10.6066
70,渡鸦 1234,5,"(484, 651)","(485, 651)","(484, 652)","(485, 652)",,3200,sss,F08,10.6066
71,消消乐,5,"(475, 639)","(476, 639)","(475, 640)","(476, 640)",,3100,FJG,F15,10.6066
72,liys,5,"(463, 648)","(464, 648)","(463, 649)","(464, 649)",,3100,FJG,F09,10.6066
73,延边F4,4,"(465, 656)","(466, 656)","(465, 657)","(466, 657)",,3100,FJG,F01,10.7005
74,心蕊,4,"(467, 658)","(468, 658)","(467, 659)","(468, 659)",,3100,FJG,F01,10.7005
75,半岛铁盒,4,"(480, 658)","(481, 658)","(480, 659)","(481, 659)",,3000,FJG,F04,10.7005
76,奔波儿灞,4,"(482, 656)","(483, 656)","(482, 657)","(483, 657)",,3000,待分组,F04,10.7005
77,大耳朵图图,4,"(482, 643)","(483, 643)","(482, 644)","(483, 644)",,2900,FJG,F16,10.7005
78,初学者,4,"(480, 641)","(481, 641)","(480, 642)","(481, 642)",,2900,FJG,F16,10.7005
79,笨笨国王,4,"(467, 641)","(468, 641)","(467, 642)","(468, 642)",,2900,FJG,F13,10.7005
80,王者荣耀30星,4,"(465, 643)","(466, 643)","(465, 644)","(466, 644)",,2900,OVO,F13,10.7005
81,耗子尾汁,5,"(463, 652)","(464, 652)","(463, 653)","(464, 653)",,2900,OVO,F05,10.7935
82,奔霸儿波,5,"(476, 660)","(477, 660)","(476, 661)","(477, 661)",,2900,OVO,F03,10.7935
83,无序吖,5,"(484, 647)","(485, 647)","(484, 648)","(485, 648)",,2800,OVO,F12,10.7935
84,邪恶大肥猫,5,"(471, 639)","(472, 639)","(471, 640)","(472, 640)",,2800,OVO,F14,10.7935
85,伊伊说,5,"(470, 660)","(471, 660)","(470, 661)","(471, 661)",,2700,FJG,F02,11.068
86,代代王,5,"(484, 653)","(485, 653)","(484, 654)","(485, 654)",,2700,FJG,F08,11.068
87,wm,5,"(477, 639)","(478, 639)","(477, 640)","(478, 640)",,2700,FJG,F15,11.068
88,长歌行,5,"(463, 646)","(464, 646)","(463, 647)","(464, 647)",,2700,VNR,F09,11.068
89,吱吱不,5,"(463, 654)","(464, 654)","(463, 655)","(464, 655)",,2700,KUY,F05,11.4237
90,添添添,5,"(478, 660)","(479, 660)","(478, 661)","(479, 661)",,2600,FJG,F03,11.4237
91,千帆已过,5,"(484, 645)","(485, 645)","(484, 646)","(485, 646)",,2600,FJG,F12,11.4237
92,崽崽吖,5,"(469, 639)","(470, 639)","(469, 640)","(470, 640)",,2600,OVO,F14,11.4237
93,啦啦啦,5,"(468, 660)","(469, 660)","(468, 661)","(469, 661)",,2600,KUY,F01 / F02,11.8533
94,到不了的远方,5,"(484, 655)","(485, 655)","(484, 656)","(485, 656)",,2500,OVO,F04 / F08,11.8533
95,小克学长,5,"(479, 639)","(480, 639)","(479, 640)","(480, 640)",,2500,OVO,F15 / F16,11.8533
96,哦哦哦,5,"(463, 644)","(464, 644)","(463, 645)","(464, 645)",,2500,KUY,F09 / F13,11.8533
97,小潇湘,5,"(463, 656)","(464, 656)","(463, 657)","(464, 657)",,2400,OVO,F01,12.3491
98,小咩吖,5,"(480, 660)","(481, 660)","(480, 661)","(481, 661)",,2400,OVO,F04,12.3491
99,小土豆吖,5,"(484, 643)","(485, 643)","(484, 644)","(485, 644)",,2400,OVO,F16,12.3491
100,不改名,5,"(467, 639)","(468, 639)","(467, 640)","(468, 640)",,2400,KUY,F13,12.3491
