内部排位,成员,圈数,城堡左下格X,城堡左下格Y,截图名次,战力
1,刀锋战士,1,473,652,1,11000
2,光风霁月,1,476,650,2,7000
3,北月啊,1,474,647,3,8000
4,甜柴不是柴甜,1,471,649,5,9300
5,一岁～帅,1,471,651,6,
6,jennie,1,475,652,7,6800
7,不会玩,1,476,648,8,6000
8,陈小刀,1,472,647,10,
9,雨夜城堡,2,469,650,11,5800
10,抖动摩天轮,2,474,654,13,4900
11,茶猫九月,2,478,649,14,
12,赌神高进,2,473,645,15,
13,红烧排骨,2,472,654,16,
14,哒哒哒一起,2,478,651,17,
15,音格尔,2,475,645,18,4500
16,滔滔不决吖,2,469,648,20,3800
17,悍匪唐三葬,2,469,652,21,
18,仙水,2,476,654,22,4400
19,看看海,2,478,647,23,4600
20,古 塵,2,471,645,24,4100
21,可以吖,2,470,654,25,4200
22,安妮也,2,478,653,26,4000
23,曹孟德,2,477,645,28,4100
24,刘千亿,2,469,646,29,3700
