暂排序号,成员,原分组,截图原排名,战力,排位依据,昵称匹配,表格姓名单元格,战力来源
1,刀锋战士,sss,1,11000,截图排名,标准化匹配,AA3,复仇者联盟统计表.xlsx!工作表1!AB3
2,光风霁月,FJG,2,7000,截图排名,标准化匹配,B3,复仇者联盟统计表.xlsx!工作表1!C3
3,北月啊,sss,3,8000,截图排名,别名暂匹配，待确认,AA5,复仇者联盟统计表.xlsx!工作表1!AB5
4,甜柴不是柴甜,sss,5,9300,截图排名,标准化匹配,AA4,复仇者联盟统计表.xlsx!工作表1!AB4
5,一岁～帅,sss,6,,截图排名,标准化匹配,AA7,
6,jennie,VPH,7,6800,截图排名,标准化匹配,L3,复仇者联盟统计表.xlsx!工作表1!M3
7,不会玩,sss,8,6000,截图排名,标准化匹配,AA11,复仇者联盟统计表.xlsx!工作表1!AB11
8,陈小刀,sss,10,,截图排名,标准化匹配,AA13,
9,雨夜城堡,VNR,11,5800,截图排名,标准化匹配,G3,复仇者联盟统计表.xlsx!工作表1!H3
10,抖动摩天轮,VPH,13,4900,截图排名,别名暂匹配，待确认,L4,复仇者联盟统计表.xlsx!工作表1!M4
11,茶猫九月,sss,14,,截图排名,标准化匹配,AA12,
12,赌神高进,sss,15,,截图排名,标准化匹配,AA20,
13,红烧排骨,sss,16,,截图排名,标准化匹配,AA8,
14,哒哒哒一起,sss,17,,截图排名,标准化匹配,AA17,
15,音格尔,VPH,18,4500,截图排名,标准化匹配,L5,复仇者联盟统计表.xlsx!工作表1!M5
16,滔滔不决吖,OVO,20,3800,截图排名,别名暂匹配，待确认,Q4,复仇者联盟统计表.xlsx!工作表1!R4
17,悍匪唐三葬,sss,21,,截图排名,标准化匹配,AA19,
18,仙水,FJG,22,4400,截图排名,标准化匹配,B4,复仇者联盟统计表.xlsx!工作表1!C4
19,看看海,VNR,23,4600,截图排名,标准化匹配,G4,复仇者联盟统计表.xlsx!工作表1!H4
20,古 塵,sss,24,4100,截图排名,标准化匹配,AA6,用户消息：古 4100
21,可以吖,OVO,25,4200,截图排名,标准化匹配,Q3,复仇者联盟统计表.xlsx!工作表1!R3
22,安妮也,sss,26,4000,截图排名,标准化匹配,AA27,复仇者联盟统计表.xlsx!工作表1!AB27
23,曹孟德,VPH,28,4100,截图排名,标准化匹配,L6,复仇者联盟统计表.xlsx!工作表1!M6
24,刘千亿,VPH,29,3700,截图排名,标准化匹配,L9,复仇者联盟统计表.xlsx!工作表1!M9
25,萌动,FJG,30,3700,截图排名,标准化匹配,B5,复仇者联盟统计表.xlsx!工作表1!C5
26,诸葛村夫,VPH,31,3900,截图排名,标准化匹配,L7,复仇者联盟统计表.xlsx!工作表1!M7
27,神隐浪人,sss,32,,截图排名,标准化匹配,AA9,
28,小刺猬,OVO,34,3400,截图排名,标准化匹配,Q5,复仇者联盟统计表.xlsx!工作表1!R5
29,大令吖,OVO,35,3600,截图排名,标准化匹配,Q16,复仇者联盟统计表.xlsx!工作表1!R16
30,王麻子,OVO,36,3400,截图排名,标准化匹配,Q19,复仇者联盟统计表.xlsx!工作表1!R19
31,路慢漫,sss,38,3800,截图排名,标准化匹配,AA28,复仇者联盟统计表.xlsx!工作表1!AB28
32,大兔子,KUY,41,4200,截图排名,标准化匹配,V3,复仇者联盟统计表.xlsx!工作表1!W3
33,L大王,OVO,43,3800,截图排名,标准化匹配,Q20,复仇者联盟统计表.xlsx!工作表1!R20
34,是壮士吖,OVO,44,3400,截图排名,标准化匹配,Q18,复仇者联盟统计表.xlsx!工作表1!R18
35,天下吖,OVO,45,3500,截图排名,标准化匹配,Q17,复仇者联盟统计表.xlsx!工作表1!R17
36,Goya,KUY,46,4200,截图排名,标准化匹配,V4,复仇者联盟统计表.xlsx!工作表1!W4
37,快乐小土匪,KUY,48,3200,截图排名,标准化匹配,V8,复仇者联盟统计表.xlsx!工作表1!W8
38,鸡大王,FJG,51,3200,截图排名,标准化匹配,B8,复仇者联盟统计表.xlsx!工作表1!C8
39,一棵大树,FJG,52,3100,截图排名,标准化匹配,B10,复仇者联盟统计表.xlsx!工作表1!C10
40,桃子吖,OVO,53,3300,截图排名,标准化匹配,Q6,复仇者联盟统计表.xlsx!工作表1!R6
41,肉枣酸奶,VNR,,4000,战力,无截图排名,G8,复仇者联盟统计表.xlsx!工作表1!H8
42,瞎闹闹,sss,,4000,战力,无截图排名,AA29,复仇者联盟统计表.xlsx!工作表1!AB29
43,秋叶,VNR,,3800,战力,无截图排名,G7,复仇者联盟统计表.xlsx!工作表1!H7
44,五十男,VPH,,3800,战力,无截图排名,L8,复仇者联盟统计表.xlsx!工作表1!M8
45,条野太郎,FJG,,3700,战力,无截图排名,B6,复仇者联盟统计表.xlsx!工作表1!C6
46,雪梨大王,VNR,,3700,战力,无截图排名,G5,复仇者联盟统计表.xlsx!工作表1!H5
47,边城小铁匠,VNR,,3700,战力,无截图排名,G10,复仇者联盟统计表.xlsx!工作表1!H10
48,兰博基牛,sss,,3600,战力,无截图排名,AA25,复仇者联盟统计表.xlsx!工作表1!AB25
49,七月的肖邦,VNR,,3500,战力,无截图排名,G12,复仇者联盟统计表.xlsx!工作表1!H12
50,1111111,VPH,,3500,战力,无截图排名,L10,复仇者联盟统计表.xlsx!工作表1!M10
51,念念吖,OVO,,3500,战力,无截图排名,Q21,复仇者联盟统计表.xlsx!工作表1!R21
52,特工冲锋,sss,,3500,战力,无截图排名,AA23,复仇者联盟统计表.xlsx!工作表1!AB23
53,烽烟熊大,VPH,,3400,战力,无截图排名,L11,复仇者联盟统计表.xlsx!工作表1!M11
54,有志则鸣,VNR,,3300,战力,无截图排名,G11,复仇者联盟统计表.xlsx!工作表1!H11
55,时 倾,sss,,3300,战力,无截图排名,AA21,复仇者联盟统计表.xlsx!工作表1!AB21
56,美式咖啡,sss,,3300,战力,无截图排名,AA26,复仇者联盟统计表.xlsx!工作表1!AB26
57,金圭峰,FJG,,3200,战力,无截图排名,B9,复仇者联盟统计表.xlsx!工作表1!C9
58,真会玩,FJG,,3200,战力,无截图排名,B15,复仇者联盟统计表.xlsx!工作表1!C15
59,落云代桃,VNR,,3200,战力,无截图排名,G6,复仇者联盟统计表.xlsx!工作表1!H6
60,梨梨大王,VPH,,3200,战力,无截图排名,L12,复仇者联盟统计表.xlsx!工作表1!M12
61,啫啫吖,OVO,,3200,战力,无截图排名,Q22,复仇者联盟统计表.xlsx!工作表1!R22
62,牛牛呀,KUY,,3200,战力,无截图排名,V7,复仇者联盟统计表.xlsx!工作表1!W7
63,我喜欢挖矿,KUY,,3200,战力,无截图排名,V11,复仇者联盟统计表.xlsx!工作表1!W11
64,消消乐,FJG,,3100,战力,无截图排名,B11,复仇者联盟统计表.xlsx!工作表1!C11
65,liys,FJG,,3100,战力,无截图排名,B12,复仇者联盟统计表.xlsx!工作表1!C12
66,延边F4,FJG,,3100,战力,无截图排名,B13,复仇者联盟统计表.xlsx!工作表1!C13
67,心蕊,FJG,,3100,战力,无截图排名,B16,复仇者联盟统计表.xlsx!工作表1!C16
68,半岛铁盒,FJG,,3000,战力,无截图排名,B7,复仇者联盟统计表.xlsx!工作表1!C7
69,大耳朵图图,FJG,,2900,战力,无截图排名,B14,复仇者联盟统计表.xlsx!工作表1!C14
70,初学者,FJG,,2900,战力,无截图排名,B17,复仇者联盟统计表.xlsx!工作表1!C17
71,笨笨国王,FJG,,2900,战力,无截图排名,B18,复仇者联盟统计表.xlsx!工作表1!C18
72,王者荣耀30星,OVO,,2900,战力,无截图排名,Q11,复仇者联盟统计表.xlsx!工作表1!R11
73,耗子尾汁,OVO,,2900,战力,无截图排名,Q12,复仇者联盟统计表.xlsx!工作表1!R12
74,奔霸儿波,OVO,,2900,战力,无截图排名,Q15,复仇者联盟统计表.xlsx!工作表1!R15
75,无序吖,OVO,,2800,战力,无截图排名,Q23,复仇者联盟统计表.xlsx!工作表1!R23
76,邪恶大肥猫,OVO,,2800,战力,无截图排名,Q24,复仇者联盟统计表.xlsx!工作表1!R24
77,伊伊说,FJG,,2700,战力,无截图排名,B20,复仇者联盟统计表.xlsx!工作表1!C20
78,代代王,FJG,,2700,战力,无截图排名,B21,复仇者联盟统计表.xlsx!工作表1!C21
79,wm,FJG,,2700,战力,无截图排名,B22,复仇者联盟统计表.xlsx!工作表1!C22
80,长歌行,VNR,,2700,战力,无截图排名,G9,复仇者联盟统计表.xlsx!工作表1!H9
81,吱吱不,KUY,,2700,战力,无截图排名,V9,复仇者联盟统计表.xlsx!工作表1!W9
82,添添添,FJG,,2600,战力,无截图排名,B19,复仇者联盟统计表.xlsx!工作表1!C19
83,千帆已过,FJG,,2600,战力,无截图排名,B23,复仇者联盟统计表.xlsx!工作表1!C23
84,崽崽吖,OVO,,2600,战力,无截图排名,Q25,复仇者联盟统计表.xlsx!工作表1!R25
85,啦啦啦,KUY,,2600,战力,无截图排名,V5,复仇者联盟统计表.xlsx!工作表1!W5
86,到不了的远方,OVO,,2500,战力,无截图排名,Q13,复仇者联盟统计表.xlsx!工作表1!R13
87,小克学长,OVO,,2500,战力,无截图排名,Q14,复仇者联盟统计表.xlsx!工作表1!R14
88,哦哦哦,KUY,,2500,战力,无截图排名,V6,复仇者联盟统计表.xlsx!工作表1!W6
89,小潇湘,OVO,,2400,战力,无截图排名,Q8,复仇者联盟统计表.xlsx!工作表1!R8
90,小咩吖,OVO,,2400,战力,无截图排名,Q9,复仇者联盟统计表.xlsx!工作表1!R9
91,小土豆吖,OVO,,2400,战力,无截图排名,Q10,复仇者联盟统计表.xlsx!工作表1!R10
92,不改名,KUY,,2400,战力,无截图排名,V10,复仇者联盟统计表.xlsx!工作表1!W10
,渡鸦 1234,sss,,,待补，暂不编号,无截图排名,AA10,
,呆呆鱼,sss,,,待补，暂不编号,无截图排名,AA14,
,必胜无疑,sss,,,待补，暂不编号,无截图排名,AA15,
,悲伤小伍,sss,,,待补，暂不编号,无截图排名,AA16,
,Fat 猪是只猫,sss,,,待补，暂不编号,无截图排名,AA18,
,步青雲,sss,,,待补，暂不编号,无截图排名,AA22,
,canfly,sss,,,待补，暂不编号,无截图排名,AA24,
